"","(Intercept)","CartPos","CartVelocity","PoleAngle","PoleVelocity","I(CartPos^2)","I(CartVelocity^2)","I(PoleAngle^2)","I(PoleVelocity^2)"
"1",3.21971444409002e-19,-2.44073762300324e-16,0.02,-5.77741468035265e-18,1.17838354302581e-18,8.96754743286664e-18,1.02028688385256e-18,-2.64789335449656e-18,1.12516526764882e-19
"2",0.195117335105661,1.62951033610652e-05,-5.0995324242693e-05,-0.0133827430186744,9.98190080723513e-05,-1.95223171851293e-05,1.71029986758117e-05,-0.0140560214609594,-1.06164577701999e-06
"3",2.13519341514922e-19,-1.77524680381333e-16,1.39431588082406e-16,-9.54907369402624e-16,0.0200000000000001,1.14657578703938e-18,-5.55655598974463e-19,1.07659701750365e-18,4.93349518333444e-19
"4",-0.292672138759245,0.000117890770002372,1.57245686339093e-05,0.312543902347716,-0.000191614155945315,-3.25860762391651e-05,-2.63677064642123e-05,0.166495911054291,1.1248088960463e-06
