"","(Intercept)","CartPos","CartVelocity","PoleAngle","PoleVelocity"
"1",-3.88384822121208e-19,-2.49799222837267e-16,0.0200000000000001,5.04651436709399e-18,-1.41573824293818e-18
"2",-0.194969643426199,-5.22630728881973e-05,-2.82196211777428e-05,-0.013450246982246,0.000119961260128863
"3",5.58514031657082e-19,-7.38596021462593e-17,-2.69252250494594e-16,-1.552747070659e-15,0.0200000000000001
"4",0.29091077440596,0.000428185408130528,-7.67209750298044e-05,0.313176163269932,-0.000307051281430747
