"","(Intercept)","CartPos","CartVelocity","PoleAngle","PoleVelocity"
"1",1.16170542661797e-18,-2.07203988098957e-16,0.0200000000000001,-9.94300007251484e-18,1.85165229547958e-18
"2",-0.194968757933411,2.64790895603168e-05,-8.88534380557088e-05,-0.0133333335584793,7.57207797252734e-05
"3",1.25877969206467e-18,-4.72200272181775e-16,3.80319889757157e-16,-2.41566346442054e-16,0.0200000000000002
"4",0.290881279239132,-3.06406174114235e-05,0.000370489522966103,0.312036253611712,5.507161407904e-05
