"","(Intercept)","CartPos","CartVelocity","PoleAngle","PoleVelocity"
"1",-1.31441688490309e-18,-2.26874830500362e-16,0.02,1.01783219226616e-17,-3.15184775238728e-18
"2",-0.194959496263944,-4.65016007353277e-07,-1.63719726121407e-06,-0.0137103215294343,0.000160783100294603
"3",-6.14396994517871e-19,-4.63673120067435e-17,1.15372090425409e-17,8.64963025400884e-18,0.02
"4",0.290811035817791,0.000289734226033971,-8.18919333287615e-05,0.314655367941334,-0.000469754499534937
