"","(Intercept)","CartPos","CartVelocity","PoleAngle","PoleVelocity"
"1",-1.84758597511998e-18,-1.23091004385207e-16,0.02,-8.04494408299351e-18,1.79446287386395e-18
"2",-0.19496397544044,-4.07596908458578e-05,-6.88215499614622e-05,-0.0135104445177035,7.23082212453518e-05
"3",-2.08274380279291e-18,-6.31735085590319e-17,-2.05857448209196e-18,3.97248279063942e-17,0.02
"4",0.290828388856648,-0.000161829784701734,0.000331669199299432,0.312254010446247,0.000114549321237314
