"","(Intercept)","CartPos","CartVelocity","PoleAngle","PoleVelocity"
"1",2.17626479415683e-18,-1.94894090276577e-16,0.02,-1.5808775554457e-17,3.67149666856152e-18
"2",0.19496397544044,-4.07596908458483e-05,-6.88215499614451e-05,-0.0135104445177036,7.23082212453745e-05
"3",1.22090738046576e-18,-5.15847214208768e-17,1.63600991384991e-17,2.97936209297957e-17,0.02
"4",-0.290828388856648,-0.000161829784701192,0.000331669199299392,0.312254010446247,0.000114549321237273
